제목,주소,조회수
감스트 내 위장을 때린 순살치킨.. 이런 치킨은 처음입니다!!,https://www.youtube.com/watch?v=RyIKHYGBOG0,"1,194,631회"
감스트 120만원 오마카세 가봤습니다!! 1000$ omakase,https://www.youtube.com/watch?v=uyeaOv3lZc4,"1,493,910회"
감스트 정상수형님한테 반말 해봤습니다ㅋㅋ,https://www.youtube.com/watch?v=cxfyPzjNxLA,"3,431,470회"
감스트 GTA5 열받게 하지마라..,https://www.youtube.com/watch?v=58NwZBeixRo,"1,615,210회"
[롤] 감스트 롤드컵 준우승 ★칸★님한테 배우고 진짜 달라졌습니다 LOL,https://www.youtube.com/watch?v=kntDY-eebnc,"1,168,319회"
[롤] 감스트 10연승!! 실버가 보인다..!! LOL,https://www.youtube.com/watch?v=QbSgJ7mym_A,"2,143,485회"
"감스트x만기 VS 마빡x탱구 게임대전(피파,철권,오목)",https://www.youtube.com/watch?v=w09qtJx9XNY,"137,515회"
감스트 죽을뻔 했습니다... Sour challenge,https://www.youtube.com/watch?v=M4zbTGTWTa0,"1,715,891회"
잼미 부고 소식에 생방송으로 사과한 감스트 남순,https://www.youtube.com/watch?v=YKQf1kBimi0,"185,239회"
감스트 개레전드 모음,https://www.youtube.com/watch?v=CXOm82ZXsU4,"1,926,551회"
감스트x맨만기 과자월드컵! 직접 먹어봤습니다!!,https://www.youtube.com/watch?v=iCP4M5xedy8,"1,277,555회"
감스트 1인13역 꽁트 ㅋㅋㅋ,https://www.youtube.com/watch?v=e77lmOwjRkg,"1,802,589회"
[인사이트] 이재명과 심상정 나락의 길,https://www.youtube.com/watch?v=CMbkaDNxvEs,"36,211회"
배신자들을 향한 유재석의 결정｜정형돈부터 노홍철까지 싹다｜무한도전 뒤에 남겨진 원한들,https://www.youtube.com/watch?v=RPICQx5pJjk,"1,234,092회"
[롤] 감스트 오우오우 싸발적이고.. LOL,https://www.youtube.com/watch?v=ucYwqbn6oJI,"1,847,301회"
[롤] 감스트 이렇게 잘하는데 왜 브론즈 일까요?? LOL,https://www.youtube.com/watch?v=e9QTyCHmKmQ,"1,501,895회"
감스트 술 취해서 아무것도 기억이 안납니다..,https://www.youtube.com/watch?v=-M9_vvcBoQk,"962,681회"
감스트x릴카 처음 말하는 비밀 이야기..,https://www.youtube.com/watch?v=fiYkt1Q_zb4,"1,538,684회"
감스트 격파30단계 챌린지 SMASH STEP 30 CHALLENGE,https://www.youtube.com/watch?v=_VnfxHHDsd4,"3,581,352회"
[롤] 감스트 역대급 샷건 개빡침ㅋㅋㅋ LOL,https://www.youtube.com/watch?v=D4gYJSmPLIY,"1,142,830회"
감스트 오랜만입니다!!!,https://www.youtube.com/watch?v=kDi6LsJYyzs,"1,752,817회"
"감스트x뿌꾸x이상호 아이콘 루니,베컴,비디치 은카도전! + 아이콘 최초 금카도전 피파4",https://www.youtube.com/watch?v=2HEYLkHHjyw,"128,658회"
감스트 피파4 복귀?! 오랜만에 300만원현질!!+ 3000억BP 강화!!,https://www.youtube.com/watch?v=_Ii09M393JQ,"203,951회"
감스트x타요 포켓몬 레전드 아르세우스!!,https://www.youtube.com/watch?v=se77xsKcibo,"88,476회"
